block_height,block_timestamp,difficulty_absolute,difficulty_change_percentage,bits,time_between_blocks,hashrate_pretty,hashrate_units,difficulty_abs_change,hashrate_u_abs_change
804384,2023-08-22 17:16:39,55621444139429,6.17,0x17050f7b,09min26s,397.74EH/s,397740000000000000000,3230265158050,22890000000000000000
802368,2023-08-09 12:27:48,52391178981379,0.12,0x17055f5b,10min00s,374.85EH/s,374850000000000000000,62866917936,320000000000000000
800352,2023-07-26 12:42:27,52328312063443,-2.94,0x17056102,10min18s,374.53EH/s,374530000000000000000,-1582860937611,-11340000000000000000
798336,2023-07-12 02:29:39,53911173001054,6.45,0x17053894,09min24s,385.87EH/s,385870000000000000000,3264966569996,23370000000000000000
796320,2023-06-28 22:48:35,50646206431058,-3.26,0x17058ebe,10min20s,362.50EH/s,362500000000000000000,-1704233024429,-11900000000000000000
794304,2023-06-14 11:27:42,52350439455487,2.18,0x1705606d,09min48s,374.40EH/s,374400000000000000000,1116100592045,7930000000000000000
792288,2023-05-31 18:19:27,51234338863442,3.40,0x17057e69,09min41s,366.47EH/s,366470000000000000000,1684635684850,11920000000000000000
790272,2023-05-18 05:07:42,49549703178592,3.22,0x1705ae3a,09min42s,354.55EH/s,354550000000000000000,1544168865014,11480000000000000000
788256,2023-05-04 15:28:07,48005534313578,-1.45,0x1705dd01,10min10s,343.07EH/s,343070000000000000000,-706871639540,-5530000000000000000
786240,2023-04-20 09:57:33,48712405953118,1.72,0x1705c739,09min50s,348.60EH/s,348600000000000000000,824641614582,6440000000000000000
784224,2023-04-06 15:33:19,47887764338536,2.23,0x1705e0b2,09min48s,342.16EH/s,342160000000000000000,1044364052260,6930000000000000000
782208,2023-03-23 22:16:42,46843400286276,7.56,0x1706023e,09min18s,335.23EH/s,335230000000000000000,3291678072686,23540000000000000000
780192,2023-03-10 21:48:10,43551722213590,1.16,0x17067681,09min53s,311.69EH/s,311690000000000000000,497878019662,3600000000000000000
778176,2023-02-25 01:34:12,43053844193928,9.95,0x170689a3,09min06s,308.09EH/s,308090000000000000000,3897444134635,27830000000000000000
776160,2023-02-12 07:52:51,39156400059293,-0.49,0x17073039,10min03s,280.26EH/s,280260000000000000000,-194542408479,-1410000000000000000
774144,2023-01-29 06:10:41,39350942467772,4.68,0x17072720,09min33s,281.67EH/s,281670000000000000000,1760488812275,12650000000000032768
772128,2023-01-15 21:11:50,37590453655497,10.26,0x17077ce2,09min04s,269.02EH/s,269019999999999967232,3496883330294,25359999999999967232
770112,2023-01-03 04:22:50,34093570325203,-3.59,0x1708417e,10min23s,243.66EH/s,243660000000000000000,-1270495575254,-9410000000000000000
768096,2022-12-19 15:17:56,35364065900457,3.27,0x1707f590,09min41s,253.07EH/s,253070000000000000000,1119734287281,7970000000000000000
766080,2022-12-06 01:50:29,34244331613176,-7.32,0x17083830,10min48s,245.10EH/s,245100000000000000000,-2706162454046,-19080000000000000000
764064,2022-11-20 23:14:19,36950494067222,0.51,0x17079e15,09min58s,264.18EH/s,264180000000000000000,188295248755,1040000000000000000
762048,2022-11-07 00:32:43,36762198818467,-0.20,0x1707a812,10min01s,263.14EH/s,263140000000000000000,-73483728320,-490000000000000000
760032,2022-10-23 23:51:31,36835682546787,3.44,0x1707a429,09min40s,263.63EH/s,263630000000000000000,1224888382416,8830000000000000000
758016,2022-10-10 10:58:26,35610794164371,13.55,0x1707e772,08min49s,254.80EH/s,254800000000000000000,4250245991227,30390000000000000000
756000,2022-09-28 02:56:34,31360548173144,-2.14,0x1708f9ae,10min13s,224.41EH/s,224410000000000000000,-684811392159,-4980000000000000000
753984,2022-09-13 19:29:06,32045359565303,3.45,0x1708c894,09min40s,229.39EH/s,229390000000000000000,1068307804843,7670000000000000000
751968,2022-08-31 06:40:55,30977051760460,9.26,0x17091620,09min09s,221.72EH/s,221720000000000000000,2625445016967,18960000000000000000
749952,2022-08-18 11:07:57,28351606743493,0.63,0x1709ed88,09min57s,202.76EH/s,202760000000000000000,176938262204,1330000000000000000
747936,2022-08-04 12:54:43,28174668481289,1.74,0x1709fd7e,09min50s,201.43EH/s,201430000000000000000,482100522056,3280000000000000000
745920,2022-07-21 18:14:42,27692567959233,-5.01,0x170a2a04,10min32s,198.15EH/s,198150000000000000000,-1460230849038,-10370000000000000000
743904,2022-07-07 00:22:38,29152798808271,-1.41,0x1709a7af,10min09s,208.52EH/s,208520000000000000000,-417369828086,-3110000000000000000
741888,2022-06-22 19:18:09,29570168636357,-2.35,0x170984cc,10min15s,211.63EH/s,211630000000000000000,-713124911379,-4910000000000000000
739872,2022-06-08 11:07:28,30283293547736,1.29,0x17094b6a,09min53s,216.54EH/s,216540000000000000000,385883858903,2620000000000000000
737856,2022-05-25 15:03:05,29897409688833,-4.33,0x17096a20,10min27s,213.92EH/s,213920000000000000000,-1353691676878,-9780000000000000000
735840,2022-05-10 23:41:18,31251101365711,4.89,0x170901ba,09min32s,223.70EH/s,223700000000000000000,1456693776399,10600000000000000000
733824,2022-04-27 15:20:35,29794407589312,5.56,0x17097275,09min29s,213.10EH/s,213100000000000000000,1568479438101,11070000000000000000
731808,2022-04-14 08:45:39,28225928151211,-1.26,0x1709f8d9,10min08s,202.03EH/s,202030000000000000000,-361227630984,-2550000000000000000
729792,2022-03-31 04:25:29,28587155782195,4.13,0x1709d897,09min36s,204.58EH/s,204580000000000000000,1134448085729,8130000000000000000
727776,2022-03-17 17:40:08,27452707696466,-0.35,0x170a40c0,10min02s,196.45EH/s,196450000000000000000,-97624387877,-740000000000000000
725760,2022-03-03 16:21:51,27550332084343,-1.49,0x170a3773,10min09s,197.19EH/s,197190000000000000000,-416820448091,-3000000000000000000
723744,2022-02-17 11:14:51,27967152532434,4.78,0x170a1078,09min33s,200.19EH/s,200190000000000000000,1276627245029,9150000000000000000
721728,2022-02-04 02:34:17,26690525287405,0.18,0x170a8bb4,09min59s,191.04EH/s,191040000000000000000,47340030870,330000000000000000
719712,2022-01-21 03:08:10,26643185256535,9.32,0x170a9080,09min09s,190.71EH/s,190710000000000000000,2271310642190,16290000000000000000
717696,2022-01-08 07:45:37,24371874614345,0.41,0x170b8c8b,09min58s,174.42EH/s,174420000000000000000,99542617366,730000000000000000
715680,2021-12-25 09:03:19,24272331996979,0.32,0x170b98ab,09min58s,173.69EH/s,173690000000000000000,77045016366,1240000000000000000
713664,2021-12-11 10:00:57,24195286980613,8.33,0x170ba21f,09min16s,172.45EH/s,172450000000000000000,1859627711677,12640000000000000000
711648,2021-11-28 10:30:08,22335659268936,-1.49,0x170c9a13,10min09s,159.81EH/s,159810000000000000000,-338488964517,-2340000000000000000
709632,2021-11-14 05:15:27,22674148233453,4.69,0x170c69ea,09min34s,162.15EH/s,162150000000000000000,1014803400189,7120000000000000000
707616,2021-10-31 19:59:30,21659344833264,7.85,0x170cfecf,09min16s,155.03EH/s,155030000000000000000,1576884702434,11280000000000000000
705600,2021-10-18 20:25:57,20082460130830,0.95,0x170e0408,09min54s,143.75EH/s,143750000000000000000,189415082255,1410000000000000000
703584,2021-10-04 23:35:19,19893045048575,4.71,0x170e2632,09min33s,142.34EH/s,142340000000000000000,895403886817,6500000000000000000
701568,2021-09-21 14:34:36,18997641161758,3.16,0x170ed0eb,09min42s,135.84EH/s,135840000000000000000,582484329640,4190000000000000000
699552,2021-09-08 00:30:45,18415156832118,4.54,0x170f48e4,09min35s,131.65EH/s,131650000000000000000,800123792840,5580000000000000000
697536,2021-08-25 14:41:16,17615033039278,13.24,0x170ffaa0,08min50s,126.07EH/s,126070000000000000000,2058939321576,14780000000000000000
695520,2021-08-13 05:53:47,15556093717702,7.31,0x1712180b,09min19s,111.29EH/s,111290000000000000000,1059650861353,7570000000000000000
693504,2021-07-31 04:35:26,14496442856349,6.03,0x17136aa2,09min26s,103.72EH/s,103720000000000000000,823848583535,5850000000000000000
691488,2021-07-17 23:32:17,13672594272814,-4.81,0x17149624,10min30s,97.87EH/s,97870000000000000000,-690431400845,-4910000000000000000
689472,2021-07-03 06:34:06,14363025673659,-27.94,0x171398ce,13min53s,102.78EH/s,102780000000000000000,-5569765353603,-39900000000000000000
687456,2021-06-13 20:07:16,19932791027262,-5.30,0x170e1ef9,10min34s,142.68EH/s,142680000000000000000,-1114939545189,-7800000000000000000
685440,2021-05-30 01:18:41,21047730572451,-15.97,0x170d5f7b,11min55s,150.48EH/s,150480000000000000000,-3998757017632,-28770000000000000000
683424,2021-05-13 08:58:58,25046487590083,21.53,0x170b3ce9,08min14s,179.25EH/s,179250000000000000000,4437641852315,31830000000000016384
681408,2021-05-01 20:27:02,20608845737768,-12.61,0x170da863,11min27s,147.42EH/s,147419999999999983616,-2973135705895,-21370000000000016384
679392,2021-04-15 19:41:43,23581981443663,1.92,0x170bef93,09min49s,168.79EH/s,168790000000000000000,444541777191,3350000000000000000
677376,2021-04-02 02:00:01,23137439666472,5.82,0x170c2a48,09min28s,165.44EH/s,165440000000000000000,1271881621862,8940000000000000000
675360,2021-03-19 20:06:45,21865558044610,1.95,0x170cdf6f,09min49s,156.50EH/s,156500000000000000000,417280283551,3030000000000000000
673344,2021-03-06 02:28:28,21448277761059,-1.27,0x170d1f8c,10min08s,153.47EH/s,153470000000000000000,-275857138988,-2000000000000000000
671328,2021-02-19 22:00:36,21724134900047,1.35,0x170cf4e3,09min52s,155.47EH/s,155470000000000000000,289738938699,2060000000000000000
669312,2021-02-06 02:25:03,21434395961348,2.93,0x170d21b9,09min43s,153.41EH/s,153410000000000000000,610864811237,4360000000000000000
667296,2021-01-23 11:56:57,20823531150111,1.05,0x170d8457,09min54s,149.05EH/s,149050000000000000000,216112845726,1590000000000000000
665280,2021-01-09 15:24:37,20607418304385,10.79,0x170da8a1,09min02s,147.46EH/s,147460000000000000000,2007825256086,14330000000000000000
663264,2020-12-28 00:02:24,18599593048299,-0.38,0x170f2217,10min02s,133.13EH/s,133130000000000000000,-70575510100,-410000000000000000
661248,2020-12-13 22:44:43,18670168558399,-2.54,0x170f1372,10min16s,133.54EH/s,133540000000000000000,-486986166311,-3580000000000000000
659232,2020-11-29 13:41:45,19157154724710,8.87,0x170eb156,09min11s,137.12EH/s,137120000000000000000,1560353665139,11160000000000000000
657216,2020-11-16 17:01:59,17596801059571,4.82,0x170ffedd,09min32s,125.96EH/s,125960000000000000000,809021449639,5840000000000000000
655200,2020-11-03 08:28:10,16787779609932,-16.05,0x1710c433,11min55s,120.12EH/s,120120000000000000000,-3209556384514,-22820000000000000000
653184,2020-10-17 16:03:40,19997335994446,3.62,0x170e134e,09min40s,142.94EH/s,142940000000000000000,699248808184,4850000000000000000
651168,2020-10-04 03:19:52,19298087186262,-0.09,0x170e95de,10min01s,138.09EH/s,138090000000000000000,-16569217835,0
649152,2020-09-20 02:55:33,19314656404097,11.35,0x170e92aa,08min59s,138.09EH/s,138090000000000000000,1968658598168,13970000000000000000
647136,2020-09-07 12:48:40,17345997805929,-1.21,0x17103a12,10min08s,124.12EH/s,124120000000000000000,-211995229238,-1470000000000000000
645120,2020-08-24 08:34:19,17557993035167,3.60,0x171007ea,09min40s,125.59EH/s,125590000000000000000,610190701221,4320000000000000000
643104,2020-08-10 20:00:19,16947802333946,0.59,0x17109bac,09min57s,121.27EH/s,121270000000000000000,100240722396,700000000000000000
641088,2020-07-27 21:52:36,16847561611550,-2.87,0x1710b4f8,10min18s,120.57EH/s,120570000000000000000,-498387260966,-3280000000000000000
639072,2020-07-13 11:51:00,17345948872516,9.89,0x17103a15,09min07s,123.85EH/s,123850000000000000000,1561731326228,11010000000000000000
637056,2020-06-30 17:18:49,15784217546288,0.00,0x1711d519,10min01s,112.84EH/s,112840000000000000000,-526759189,-140000000000000000
635040,2020-06-16 16:51:07,15784744305477,14.95,0x1711d4f2,08min42s,112.98EH/s,112980000000000000000,2052392199459,14680000000000000000
633024,2020-06-04 12:30:52,13732352106018,-9.29,0x17147f35,11min01s,98.30EH/s,98300000000000000000,-1405691141064,-9890000000000000000
631008,2020-05-20 02:06:56,15138043247082,-6.00,0x171297f6,10min39s,108.19EH/s,108190000000000000000,-966764238447,-7080000000000000000
628992,2020-05-05 04:05:21,16104807485529,0.92,0x17117a39,09min55s,115.27EH/s,115270000000000000000,146155156951,1170000000000000000
626976,2020-04-21 07:05:24,15958652328578,8.45,0x1711a333,09min14s,114.10EH/s,114100000000000000000,1243438267922,8890000000000000000
624960,2020-04-08 08:54:06,14715214060656,5.77,0x171320bc,09min28s,105.21EH/s,105210000000000000000,802690011711,5620000000000000000
622944,2020-03-26 02:51:46,13912524048945,-15.95,0x17143b41,11min54s,99.59EH/s,99590000000000000000,-2640399918392,-18810000000000000000
620928,2020-03-09 11:05:17,16552923967337,6.88,0x17110119,09min22s,118.40EH/s,118400000000000000000,1066010527045,7540000000000000000
618912,2020-02-25 08:28:42,15486913440292,-0.38,0x17122cbc,10min02s,110.86EH/s,110860000000000000000,-59832325237,-370000000000000000
616896,2020-02-11 07:10:24,15546745765529,0.52,0x17121ad4,09min57s,111.23EH/s,111230000000000000000,80646829975,520000000000000000
614880,2020-01-28 08:44:03,15466098935554,4.67,0x171232ff,09min33s,110.71EH/s,110710000000000000000,689731399866,4950000000000000000
612864,2020-01-14 23:42:37,14776367535688,7.08,0x17130c78,09min20s,105.76EH/s,105760000000000000000,977583708172,7090000000000000000
610848,2020-01-01 21:54:27,13798783827516,6.57,0x171465f2,09min24s,98.67EH/s,98670000000000000000,850190406570,6010000000000000000
608832,2019-12-19 18:17:01,12948593420946,0.56,0x1715bcd0,09min57s,92.66EH/s,92660000000000000000,71751331264,590000000000000000
606816,2019-12-05 20:02:25,12876842089682,-0.74,0x1715dbd2,10min05s,92.07EH/s,92070000000000000000,-96393879117,-740000000000000000
604800,2019-11-21 17:08:52,12973235968799,1.99,0x1715b23e,09min49s,92.81EH/s,92810000000000000000,253230701409,1790000000000000000
602784,2019-11-07 23:30:36,12720005267390,-7.10,0x171620d1,10min46s,91.02EH/s,91020000000000000000,-971474771304,-6880000000000000000
600768,2019-10-23 21:42:53,13691480038694,5.25,0x17148edf,09min31s,97.90EH/s,97900000000000000000,683388371723,4790000000000000000
598752,2019-10-10 14:08:55,13008091666971,1.95,0x1715a35c,09min49s,93.11EH/s,93110000000000000000,248272262563,1870000000000000000
596736,2019-09-26 20:33:21,12759819404408,7.31,0x17160f24,09min20s,91.24EH/s,91240000000000000000,869224445613,6160000000000000000
594720,2019-09-13 19:06:31,11890594958795,10.38,0x1717abf5,09min04s,85.08EH/s,85080000000000000000,1118598295115,8000000000000000000
592704,2019-09-01 02:35:01,10771996663680,5.78,0x171a213e,09min27s,77.08EH/s,77080000000000000000,588508230790,4289999999999991808
590688,2019-08-18 20:49:42,10183488432890,1.98,0x171ba3d1,09min49s,72.79EH/s,72790000000000008192,198140424831,1360000000000000000
588672,2019-08-05 02:52:08,9985348008059,10.78,0x171c3039,09min02s,71.43EH/s,71430000000000008192,971561062168,6940000000000016384
586656,2019-07-23 11:22:17,9013786945891,-0.56,0x171f3a08,10min04s,64.49EH/s,64489999999999991808,-50372880600,-360000000000000000
584640,2019-07-09 09:17:48,9064159826491,14.23,0x171f0d9b,08min46s,64.85EH/s,64849999999999991808,1129446606861,8079999999999991808
582624,2019-06-27 02:59:30,7934713219630,7.09,0x1723792c,09min21s,56.77EH/s,56770000000000000000,525313970540,3740000000000000000
580608,2019-06-14 01:03:50,7409399249090,-0.67,0x1725fd03,10min04s,53.03EH/s,53030000000000000000,-50281471452,-330000000000000000
578592,2019-05-30 22:43:04,7459680720542,11.26,0x1725bb76,09min00s,53.36EH/s,53360000000000000000,755048039955,5380000000000000000
576576,2019-05-18 08:31:36,6704632680587,0.04,0x1729fb45,10min00s,47.98EH/s,47980000000000000000,2462796238,20000000000000000
574560,2019-05-04 08:32:13,6702169884349,5.50,0x1729ff38,09min29s,47.96EH/s,47960000000000000000,349139321366,2490000000000000000
572544,2019-04-21 01:54:28,6353030562983,-0.63,0x172c4e11,10min04s,45.47EH/s,45470000000000000000,-39993154218,-290000000000000000
570528,2019-04-06 23:43:43,6393023717201,0.22,0x172c071d,09min59s,45.76EH/s,45760000000000000000,13758265790,100000000000000000
568512,2019-03-24 00:24:53,6379265451411,5.11,0x172c1f6c,09min31s,45.66EH/s,45660000000000000000,310373909735,2220000000000000000
566496,2019-03-10 16:45:04,6068891541676,-0.05,0x172e6117,10min00s,43.44EH/s,43440000000000000000,-2954508244,-10000000000000000
564480,2019-02-24 16:33:58,6071846049920,0.17,0x172e5b50,09min59s,43.45EH/s,43450000000000000000,10327218893,70000000000000000
562464,2019-02-10 16:59:41,6061518831027,4.25,0x172e6f88,09min36s,43.38EH/s,43380000000000000000,246856895136,1790000000000000000
560448,2019-01-28 06:35:13,5814661935891,-1.18,0x17306835,10min08s,41.59EH/s,41590000000000000000,-69326495064,-510000000000000000
558432,2019-01-14 02:19:54,5883988430955,4.72,0x172fd633,09min33s,42.10EH/s,42100000000000000000,265392582102,1940000000000000000
556416,2018-12-31 17:20:09,5618595848853,10.03,0x173218a5,09min06s,40.16EH/s,40160000000000000000,512172924194,3610000000000004096
554400,2018-12-18 23:32:45,5106422924659,-9.56,0x17371ef4,11min03s,36.55EH/s,36549999999999995904,-539980926875,-3850000000000004096
552384,2018-12-03 11:59:28,5646403851534,-15.13,0x1731d97c,11min47s,40.40EH/s,40400000000000000000,-1006899289871,-7210000000000000000
550368,2018-11-16 23:51:24,6653303141405,-7.39,0x172a4e2f,10min48s,47.61EH/s,47610000000000000000,-531101801296,-3760000000000000000
548352,2018-11-01 20:54:16,7184404942701,0.02,0x17272d92,10min00s,51.37EH/s,51370000000000000000,1552628763,-40000000000000000
546336,2018-10-18 20:37:47,7182852313938,-3.65,0x17272fbd,10min23s,51.41EH/s,51410000000000000000,-272116334325,-1920000000000000000
544320,2018-10-04 07:49:22,7454968648263,4.23,0x1725c191,09min36s,53.33EH/s,53330000000000000000,302335296357,2170000000000000000
542304,2018-09-20 21:15:39,7152633351906,1.90,0x17275a1f,09min49s,51.16EH/s,51160000000000000000,133434120729,970000000000000000
540288,2018-09-07 03:14:39,7019199231177,4.34,0x172819a1,09min36s,50.19EH/s,50190000000000000000,291973761455,2040000000000000000
538272,2018-08-24 16:50:31,6727225469722,5.29,0x1729d72d,09min30s,48.15EH/s,48150000000000000000,337908586211,2490000000000000000
536256,2018-08-11 09:40:59,6389316883511,7.39,0x172c0da7,09min20s,45.66EH/s,45660000000000000000,439879511902,3070000000000000000
534240,2018-07-29 08:19:31,5949437371609,14.88,0x172f4f7b,08min42s,42.59EH/s,42590000000000000000,770766302537,5550000000000000000
532224,2018-07-17 03:50:49,5178671069072,-3.45,0x17365a17,10min22s,37.04EH/s,37040000000000000000,-185007392409,-1340000000000000000
530208,2018-07-02 15:34:21,5363678461481,5.64,0x17347a28,09min28s,38.38EH/s,38380000000000000000,286179426602,2039999999999995904
528192,2018-06-19 09:20:45,5077499034879,2.77,0x17376f56,09min44s,36.34EH/s,36340000000000004096,136794149358,980000000000004096
526176,2018-06-05 18:18:06,4940704885521,14.71,0x1738f841,08min43s,35.36EH/s,35360000000000000000,633755311540,4550000000000000000
524160,2018-05-24 13:20:53,4306949573981,3.94,0x17415a49,09min38s,30.81EH/s,30810000000000000000,163071099227,1180000000000000000
522144,2018-05-11 01:54:15,4143878474754,3.03,0x1743eca9,09min43s,29.63EH/s,29630000000000000000,121819278590,860000000000000000
520128,2018-04-27 11:24:13,4022059196164,4.76,0x1745fb53,09min33s,28.77EH/s,28770000000000000000,182742297135,1300000000000000000
518112,2018-04-14 02:28:52,3839316899029,9.35,0x1749500d,09min09s,27.47EH/s,27470000000000000000,328256346130,2340000000000000000
516096,2018-04-01 07:05:57,3511060552899,1.40,0x17502ab7,09min52s,25.13EH/s,25130000000000000000,48518161708,340000000000000000
514080,2018-03-18 11:40:18,3462542391191,5.23,0x17514a49,09min30s,24.79EH/s,24790000000000000000,171936402436,1310000000000000000
512064,2018-03-05 04:21:18,3290605988755,9.42,0x175589a3,09min10s,23.48EH/s,23480000000000000000,283222122326,1960000000000000000
510048,2018-02-20 08:20:59,3007383866429,4.62,0x175d97dc,09min34s,21.52EH/s,21520000000000000000,132709632014,950000000000000000
508032,2018-02-06 23:08:07,2874674234415,10.43,0x1761e9f8,09min03s,20.57EH/s,20570000000000000000,271596934197,1940000000000000000
506016,2018-01-25 06:48:20,2603077300218,16.84,0x176c2146,08min34s,18.63EH/s,18630000000000000000,375229661715,2680000000000000000
504000,2018-01-13 07:12:34,2227847638503,15.36,0x177e578c,08min40s,15.95EH/s,15950000000000000000,296711184016,2130000000000000000
501984,2018-01-01 03:56:10,1931136454487,3.10,0x180091c1,09min42s,13.82EH/s,13820000000000000000,58030979266,420000000000000000
499968,2017-12-18 13:55:20,1873105475221,17.74,0x18009645,08min30s,13.40EH/s,13400000000000000000,282208547963,2010000000000000000
497952,2017-12-06 16:23:21,1590896927258,18.11,0x1800b0ed,08min28s,11.39EH/s,11390000000000000000,243895496700,1760000000000000000
495936,2017-11-24 19:53:16,1347001430558,-1.28,0x1800d0f6,10min08s,9.63EH/s,9630000000000000000,-17420650567,-120000000000000000
493920,2017-11-10 15:13:51,1364422081125,-6.09,0x1800ce4b,10min40s,9.75EH/s,9750000000000000000,-88417698020,-650000000000000000
491904,2017-10-26 16:52:42,1452839779145,21.39,0x1800c1bd,08min14s,10.40EH/s,10400000000000000000,256047085047,1840000000000000000
489888,2017-10-15 04:05:02,1196792694098,6.49,0x1800eb30,09min24s,8.56EH/s,8560000000000000000,72929408966,520000000000001024
487872,2017-10-02 00:27:46,1123863285132,1.85,0x1800fa73,09min49s,8.04EH/s,8039999999999998976,20462352168,149999999999998976
485856,2017-09-18 06:31:16,1103400932964,19.58,0x1800ff18,08min22s,7.89EH/s,7890000000000000000,180676233239,1290000000000000000
483840,2017-09-06 13:23:15,922724699725,3.89,0x1801310b,09min38s,6.60EH/s,6600000000000000000,34552843468,240000000000000000
481824,2017-08-24 01:57:37,888171856257,-3.80,0x18013ce9,10min24s,6.36EH/s,6360000000000000000,-35061212191,-240000000000000000
479808,2017-08-09 12:36:50,923233068448,7.32,0x180130e0,09min20s,6.60EH/s,6600000000000000000,63011084012,440000000000000000
477792,2017-07-27 11:03:54,860221984436,6.92,0x18014735,09min21s,6.16EH/s,6160000000000000000,55696789868,400000000000000000
475776,2017-07-14 08:45:42,804525194568,13.53,0x18015ddc,08min49s,5.76EH/s,5760000000000000000,95865728338,690000000000000000
473760,2017-07-02 00:47:17,708659466230,-0.43,0x18018d30,10min03s,5.07EH/s,5070000000000000000,-3037731943,-20000000000000000
471744,2017-06-17 23:18:53,711697198173,4.85,0x18018b7e,09min33s,5.09EH/s,5090000000000000000,32937088091,230000000000000000
469728,2017-06-04 14:35:07,678760110082,13.90,0x18019eaf,08min47s,4.86EH/s,4860000000000000000,82838192997,600000000000000000
467712,2017-05-23 07:29:52,595921917085,6.42,0x1801d854,09min24s,4.26EH/s,4260000000000000000,35951024195,250000000000000000
465696,2017-05-10 03:40:48,559970892890,7.28,0x1801f6a7,09min20s,4.01EH/s,4010000000000000000,37996373337,270000000000000000
463680,2017-04-27 02:20:01,521974519553,0.22,0x18021b3e,09min59s,3.74EH/s,3740000000000000000,1165770131,10000000000000000
461664,2017-04-13 02:59:50,520808749422,4.24,0x18021c73,09min36s,3.73EH/s,3730000000000000000,21172819606,160000000000000000
459648,2017-03-30 16:39:08,499635929816,5.03,0x1802335a,09min32s,3.57EH/s,3570000000000000000,23930724755,170000000000000000
457632,2017-03-17 08:36:15,475705205061,3.24,0x18024fb1,09min41s,3.40EH/s,3400000000000000000,14935846971,100000000000000000
455616,2017-03-03 19:04:46,460769358090,4.54,0x180262df,09min34s,3.30EH/s,3300000000000000000,19989455804,150000000000000000
453600,2017-02-18 09:38:26,440779902286,4.41,0x18027e93,09min35s,3.15EH/s,3150000000000000000,18609335403,130000000000000000
451584,2017-02-04 23:38:49,422170566883,7.43,0x18029ab9,09min19s,3.02EH/s,3020000000000000000,29207304539,210000000000000000
449568,2017-01-22 22:52:52,392963262344,16.64,0x1802cc47,08min35s,2.81EH/s,2810000000000000000,56063329549,400000000000000000
447552,2017-01-10 22:40:52,336899932795,6.05,0x18034379,09min26s,2.41EH/s,2410000000000000000,19211532441,140000000000000000
445536,2016-12-28 17:40:55,317688400354,2.43,0x180375ff,09min46s,2.27EH/s,2270000000000000000,7534544651,49999999999999744
443520,2016-12-15 01:28:33,310153855703,8.16,0x18038b85,09min15s,2.22EH/s,2220000000000000256,23388088883,170000000000000512
441504,2016-12-02 02:46:26,286765766820,1.76,0x1803d589,09min50s,2.05EH/s,2049999999999999744,4964849627,29999999999999744
439488,2016-11-18 08:30:15,281800917193,10.68,0x1803e6d4,09min02s,2.02EH/s,2020000000000000000,27180729889,200000000000000000
437472,2016-11-05 16:46:58,254620187304,0.40,0x18045174,09min58s,1.82EH/s,1820000000000000000,1001940663,10000000000000000
435456,2016-10-22 18:02:58,253618246641,-1.90,0x180455d2,10min13s,1.81EH/s,1810000000000000000,-4904501763,-40000000000000000
433440,2016-10-08 10:53:30,258522748404,7.17,0x180440c4,09min20s,1.85EH/s,1850000000000000000,17295548175,120000000000000000
431424,2016-09-25 09:16:55,241227200229,6.82,0x18048ed4,09min22s,1.73EH/s,1730000000000000000,15394328050,110000000000000000
429408,2016-09-12 06:39:07,225832872179,2.30,0x1804de5e,09min47s,1.62EH/s,1620000000000000000,5076963849,40000000000000000
427392,2016-08-29 14:11:01,220755908330,1.56,0x1804fb08,09min51s,1.58EH/s,1580000000000000000,3380425573,20000000000000000
425376,2016-08-15 18:59:14,217375482757,7.67,0x18050edc,09min17s,1.56EH/s,1560000000000000000,15482271904,120000000000000000
423360,2016-08-02 18:50:42,201893210853,-5.43,0x18057228,10min35s,1.44EH/s,1440000000000000000,-11599290254,-90000000000000000
421344,2016-07-18 23:22:42,213492501107,0.04,0x18052669,10min00s,1.53EH/s,1530000000000000000,93575776,0
419328,2016-07-04 23:16:01,213398925331,1.88,0x180526fd,09min49s,1.53EH/s,1530000000000000000,3945766736,30000000000000000
417312,2016-06-21 05:18:58,209453158595,6.83,0x18053fd6,09min22s,1.50EH/s,1500000000000000000,13391734656,100000000000000000
415296,2016-06-08 02:41:58,196061423939,-1.63,0x18059ba0,10min10s,1.40EH/s,1400000000000000000,-3250643592,-30000000000000000
413280,2016-05-24 21:02:46,199312067531,2.60,0x18058436,09min45s,1.43EH/s,1430000000000000000,5057247248,40000000000000000
411264,2016-05-11 05:34:26,194254820283,8.73,0x1805a8fa,09min12s,1.39EH/s,1390000000000000000,15595562511,110000000000000000
409248,2016-04-28 08:28:30,178659257772,-0.01,0x18062776,10min00s,1.28EH/s,1280000000000000000,-19049899,0
407232,2016-04-14 08:25:41,178678307671,7.09,0x1806274b,09min20s,1.28EH/s,1280000000000000000,11826794389,90000000000000000
405216,2016-04-01 06:34:35,166851513282,0.82,0x180696f4,09min55s,1.19EH/s,1190000000000000000,1354678164,10000000000000000
403200,2016-03-18 09:07:48,165496835118,4.46,0x1806a4c3,09min34s,1.18EH/s,1180000000000000000,7069631351,50000000000000128
401184,2016-03-04 23:25:56,158427203767,-3.10,0x1806f0a8,10min19s,1.13EH/s,1129999999999999872,-5064451141,-40000000000000128
399168,2016-02-19 12:34:16,163491654908,13.44,0x1806b99f,08min49s,1.17EH/s,1170000000000000000,19375207061,140000000000000000
397152,2016-02-07 04:12:40,144116447847,20.06,0x1807a114,08min20s,1.03EH/s,1030000000000000000,24083107196,171720000000000000
395136,2016-01-26 12:19:05,120033340651,5.89,0x180928f0,09min27s,858.28PH/s,858280000000000000,6679040850,46940000000000000
393120,2016-01-13 06:39:38,113354299801,9.12,0x1809b31b,09min10s,811.34PH/s,811340000000000000,9473958986,68510000000000000
391104,2015-12-31 10:42:42,103880340815,11.16,0x180a9591,09min00s,742.83PH/s,742830000000000000,10431670019,74380000000000000
389088,2015-12-18 20:08:09,93448670796,18.14,0x180bc409,08min28s,668.45PH/s,668450000000000000,14346289896,102290000000000000
387072,2015-12-06 23:30:52,79102380900,8.77,0x180de64f,09min12s,566.16PH/s,566160000000000000,6379600258,45829999999999936
385056,2015-11-24 02:34:22,72722780642,10.44,0x180f1e76,09min04s,520.33PH/s,520330000000000064,6874525463,49140000000000064
383040,2015-11-11 10:11:32,65848255179,5.77,0x1810b289,09min27s,471.19PH/s,471190000000000000,3594272730,25930000000000000
381024,2015-10-29 04:25:06,62253982449,2.25,0x1811a954,09min47s,445.26PH/s,445260000000000000,1370156969,9500000000000000
379008,2015-10-15 11:32:31,60883825480,0.12,0x18120f14,09min59s,435.76PH/s,435760000000000000,70601441,730000000000000
376992,2015-10-01 11:53:10,60813224039,2.49,0x18121472,09min46s,435.03PH/s,435030000000000000,1477872806,10570000000000000
374976,2015-09-17 19:50:04,59335351233,4.17,0x181287ba,09min36s,424.46PH/s,424460000000000000,2377702778,16980000000000000
372960,2015-09-04 09:05:07,56957648455,4.98,0x18134dc1,09min32s,407.48PH/s,407480000000000000,2701018128,19350000000000000
370944,2015-08-22 00:49:43,54256630327,2.95,0x181443c4,09min43s,388.13PH/s,388130000000000000,1556787918,11120000000000000
368928,2015-08-08 10:15:30,52699842409,0.81,0x1814dd04,09min56s,377.01PH/s,377010000000000000,421537564,2850000000000000
366912,2015-07-25 12:44:45,52278304845,2.35,0x18150815,09min46s,374.16PH/s,374160000000000000,1201938542,8880000000000000
364896,2015-07-11 20:24:46,51076366303,3.39,0x181586c8,09min41s,365.28PH/s,365280000000000000,1674351372,11870000000000000
362880,2015-06-28 07:07:26,49402014931,-0.58,0x1816418e,10min04s,353.41PH/s,353410000000000000,-290371423,-2250000000000000
360864,2015-06-14 04:56:03,49692386354,4.42,0x18162043,09min35s,355.66PH/s,355660000000000000,2102795201,15050000000000000
358848,2015-05-31 19:06:25,47589591153,-2.50,0x18171a8b,10min15s,340.61PH/s,340610000000000000,-1217896091,-8670000000000000
356832,2015-05-17 10:27:13,48807487244,2.44,0x181686f5,09min46s,349.28PH/s,349280000000000000,1164089227,8420000000000000
354816,2015-05-03 18:22:21,47643398017,0.07,0x181713dd,10min00s,340.86PH/s,340860000000000000,32833504,140000000000000
352800,2015-04-19 18:25:06,47610564513,-3.71,0x181717f0,10min23s,340.72PH/s,340720000000000000,-1835826175,-13200000000000000
350784,2015-04-05 05:22:25,49446390688,5.84,0x18163c71,09min27s,353.92PH/s,353920000000000000,2728841044,19570000000000000
348768,2015-03-22 23:53:31,46717549644,-1.50,0x181788f2,10min09s,334.35PH/s,334350000000000000,-710005306,-4980000000000000
346752,2015-03-08 18:42:45,47427554950,1.59,0x18172ec0,09min51s,339.33PH/s,339330000000000000,743178634,5350000000000000
344736,2015-02-22 23:48:57,46684376316,5.01,0x18178d3a,09min32s,333.98PH/s,333980000000000000,2228960354,15890000000000000
342720,2015-02-09 15:40:15,44455415962,7.71,0x1818bb87,09min17s,318.09PH/s,318090000000000000,3182542068,22690000000000000
340704,2015-01-27 15:35:46,41272873894,-6.14,0x181aa3c0,10min39s,295.40PH/s,295400000000000000,-2698788162,-19220000000000000
338688,2015-01-12 17:34:33,43971662056,8.20,0x1819012f,09min15s,314.62PH/s,314620000000000000,3330707040,23750000000000000
336672,2014-12-30 18:53:08,40640955016,3.00,0x181b0dca,09min43s,290.87PH/s,290870000000000000,1183283709,8620000000000000
334656,2014-12-17 04:37:04,39457671307,-1.37,0x181bdd7c,10min09s,282.25PH/s,282250000000000000,-549798964,-4100000000000032
332640,2014-12-02 23:41:45,40007470271,-0.73,0x181b7b74,10min04s,286.35PH/s,286350000000000032,-292560056,-1690000000000000
330624,2014-11-18 21:12:04,40300030327,1.76,0x181b4861,09min51s,288.04PH/s,288040000000000032,696364075,4580000000000064
328608,2014-11-05 02:30:31,39603666252,10.05,0x181bc330,09min05s,283.46PH/s,283459999999999968,3618025987,26079999999999968
326592,2014-10-23 09:09:53,35985640265,2.81,0x181e8dc0,09min44s,257.38PH/s,257380000000000000,983158239,6820000000000000
324576,2014-10-09 18:04:26,35002482026,0.98,0x181f6973,09min54s,250.56PH/s,250560000000000000,341056103,2490000000000000
322560,2014-09-25 21:21:20,34661425923,16.20,0x181fb893,08min36s,248.07PH/s,248070000000000000,4831692799,34450000000000000
320544,2014-09-13 20:08:16,29829733124,8.75,0x1824dbe9,09min11s,213.62PH/s,213620000000000000,2401102222,17290000000000000
318528,2014-08-31 23:19:12,27428630902,15.03,0x182815ee,08min42s,196.33PH/s,196330000000000000,3583960864,25740000000000000
316512,2014-08-19 19:11:58,23844670038,20.86,0x182e1c58,08min17s,170.59PH/s,170590000000000000,4115024098,29400000000000000
314496,2014-08-08 05:01:52,19729645940,5.30,0x1837ba62,09min30s,141.19PH/s,141190000000000000,993204382,7070000000000000
312480,2014-07-25 21:51:32,18736441558,8.08,0x183aaea2,09min15s,134.12PH/s,134120000000000000,1400124580,10320000000000000
310464,2014-07-12 22:58:14,17336316978,3.08,0x183f6be6,09min44s,123.80PH/s,123800000000000000,517855607,3410000000000000
308448,2014-06-29 08:12:36,16818461371,24.93,0x18415fd1,08min00s,120.39PH/s,120390000000000000,3355881257,24020000000000000
306432,2014-06-18 03:14:40,13462580114,14.51,0x1851aba2,08min44s,96.37PH/s,96370000000000000,1706028198,12250000000000000
304416,2014-06-05 21:49:53,11756551916,12.44,0x185d859a,08min54s,84.12PH/s,84120000000000000,1300831778,9290000000000000
302400,2014-05-24 10:52:30,10455720138,18.10,0x18692842,08min28s,74.83PH/s,74830000000000000,1602303829,11460000000000000
300384,2014-05-12 14:18:31,8853416309,10.66,0x187c3053,09min02s,63.37PH/s,63370000000000000,852544174,6120000000000000
298368,2014-04-29 22:39:35,8000872135,14.64,0x1900896c,08min44s,57.25PH/s,57250000000000000,1022029486,7320000000000000
296352,2014-04-17 17:27:26,6978842649,14.04,0x19009d8c,08min46s,49.93PH/s,49930000000000000,859116560,6170000000000000
294336,2014-04-05 10:41:18,6119726089,22.23,0x1900b3aa,08min11s,43.76PH/s,43760000000000000,1112865500,7930000000000000
292320,2014-03-24 23:30:32,5006860589,17.80,0x1900db99,08min29s,35.83PH/s,35830000000000000,756642670,5410000000000000
290304,2014-03-13 02:12:44,4250217919,11.39,0x190102b1,08min59s,30.42PH/s,30420000000000000,434494121,3120000000000000
288288,2014-02-28 12:29:45,3815723798,21.92,0x19012026,08min12s,27.30PH/s,27300000000000000,686150624,4900000000000000
286272,2014-02-17 00:43:59,3129573174,19.39,0x19015f53,08min23s,22.40PH/s,22400000000000000,508168721,3670000000000000
284256,2014-02-05 07:14:16,2621404453,19.49,0x1901a36e,08min23s,18.73PH/s,18730000000000000,427556583,3030000000000000
282240,2014-01-24 13:28:46,2193847870,22.59,0x1901f52c,08min10s,15.70PH/s,15700000000000000,404300919,2890000000000000
280224,2014-01-13 03:20:20,1789546951,26.16,0x19026666,07min56s,12.81PH/s,12810000000000000,371065556,2660000000000000
278208,2014-01-02 00:58:38,1418481395,20.12,0x1903071f,08min20s,10.15PH/s,10150000000000000,237558200,1710000000000000
276192,2013-12-21 09:11:52,1180923195,30.01,0x1903a30c,07min43s,8.44PH/s,8440000000000000,272572333,1940000000000000
274176,2013-12-10 14:11:26,908350862,28.41,0x1904ba6e,07min47s,6.50PH/s,6500000000000000,200942579,1440000000000000
272160,2013-11-29 16:30:48,707408283,16.07,0x19061242,08min37s,5.06PH/s,5060000000000000,97925604,720000000000000
270144,2013-11-17 14:44:59,609482679,19.29,0x19070bfb,08min25s,4.34PH/s,4340000000000000,98552941,690000000000000
268128,2013-11-05 19:52:03,510929738,30.70,0x190867f3,07min40s,3.65PH/s,3650000000000000,120000951,850000000000000
266112,2013-10-26 02:24:32,390928787,46.02,0x190afc85,06min51s,2.80PH/s,2800000000000000,123197538,880000000000000
264096,2013-10-16 12:16:28,267731249,41.45,0x19100ab6,07min04s,1.92PH/s,1920000000000000,78450000,570000000000000
262080,2013-10-06 14:42:32,189281249,27.19,0x1916b0ca,07min52s,1.35PH/s,1350000000000000,40462050,290000000000000
260064,2013-09-25 14:09:06,148819199,32.13,0x191cdc20,07min34s,1.06PH/s,1060000000000000,36190651,253900000000000
258048,2013-09-14 23:44:08,112628548,29.56,0x19262222,07min43s,806.10TH/s,806100000000000,25695531,184000000000000
256032,2013-09-04 04:21:00,86933017,32.22,0x1931679c,07min34s,622.10TH/s,622100000000000,21182957,151980000000000
254016,2013-08-24 14:08:39,65750060,29.40,0x19415257,07min44s,470.12TH/s,470120000000000,14939721,106490000000000
252000,2013-08-13 18:11:30,50810339,35.88,0x19548732,07min22s,363.63TH/s,363630000000000,13417573,96010000000000
249984,2013-08-03 10:51:55,37392766,19.63,0x1972dbf2,08min22s,267.62TH/s,267620000000000,6135806,44140000000000
247968,2013-07-22 17:57:07,31256960,19.47,0x1a008968,08min23s,223.48TH/s,223480000000000,5094085,36200000000000
245952,2013-07-11 00:22:43,26162875,22.63,0x1a00a429,08min09s,187.28TH/s,187280000000000,4827546,34640000000000
243936,2013-06-29 14:22:05,21335329,10.32,0x1a00c94e,09min04s,152.64TH/s,152640000000000,1996071,14240000000000
241920,2013-06-16 21:37:34,19339258,23.92,0x1a00de15,08min04s,138.40TH/s,138400000000000,3733626,26760000000000
239904,2013-06-05 14:25:18,15605632,28.41,0x1a011337,07min48s,111.64TH/s,111640000000000,3452221,24660000000000
237888,2013-05-25 16:35:46,12153411,8.64,0x1a016164,09min12s,86.98TH/s,86980000000000,966154,6910000000000
235872,2013-05-12 19:15:23,11187257,11.03,0x1a017fe9,09min01s,80.07TH/s,80070000000000,1110965,8010000000000
233856,2013-04-30 04:34:31,10076292,12.28,0x1a01aa3d,08min55s,72.06TH/s,72060000000000,1101996,7840000000000
231840,2013-04-17 17:02:14,8974296,16.96,0x1a01de94,08min33s,64.22TH/s,64220000000000,1301297,9380000000000
229824,2013-04-05 17:40:43,7672999,14.59,0x1a022fbe,08min44s,54.84TH/s,54840000000000,977173,6950000000000
227808,2013-03-24 12:00:25,6695826,38.13,0x1a02816e,07min15s,47.89TH/s,47890000000000,1848179,13200000000001
225792,2013-03-14 08:32:26,4847647,10.98,0x1a0375fa,09min01s,34.69TH/s,34689999999999,479771,3429999999999
223776,2013-03-01 17:42:44,4367876,19.63,0x1a03d74b,08min22s,31.26TH/s,31260000000000,716865,5130000000000
221760,2013-02-18 00:47:50,3651011,11.47,0x1a04985c,08min58s,26.13TH/s,26130000000000,375547,2690000000000
219744,2013-02-05 11:19:06,3275464,10.33,0x1a051f3c,09min04s,23.44TH/s,23440000000000,306689,2200000000000
217728,2013-01-23 18:41:27,2968775,-8.64,0x1a05a6b1,10min57s,21.24TH/s,21240000000000,-280774,-1980000000000
215712,2013-01-08 10:40:34,3249549,9.06,0x1a0529b1,09min11s,23.22TH/s,23220000000000,269913,1890000000000
213696,2012-12-26 14:05:40,2979636,-11.59,0x1a05a16b,11min19s,21.33TH/s,21330000000000,-390545,-2790000000000
211680,2012-12-10 18:03:33,3370181,-2.00,0x1a04fa62,10min12s,24.12TH/s,24120000000000,-68727,-490000000000
209664,2012-11-26 11:10:29,3438908,2.08,0x1a04e0ea,09min48s,24.61TH/s,24610000000000,70141,510000000000
207648,2012-11-12 17:59:46,3368767,1.95,0x1a04faeb,09min49s,24.10TH/s,24100000000000,64411,520000000000
205632,2012-10-30 00:16:35,3304356,7.55,0x1a0513c5,09min20s,23.58TH/s,23580000000000,232035,1570000000000
203616,2012-10-16 22:56:08,3072321,0.58,0x1a0575ef,09min56s,22.01TH/s,22010000000000,17694,140000000000
201600,2012-10-03 01:11:00,3054627,6.65,0x1a057e08,09min22s,21.87TH/s,21870000000000,190487,1370000000000
199584,2012-09-19 22:14:11,2864140,6.31,0x1a05db8b,09min24s,20.50TH/s,20500000000000,170093,1220000000000
197568,2012-09-06 18:10:37,2694047,10.38,0x1a063a38,09min04s,19.28TH/s,19280000000000,253405,1820000000000
195552,2012-08-25 01:46:39,2440642,11.40,0x1a06dfbe,08min59s,17.46TH/s,17460000000000,249777,1790000000000
193536,2012-08-12 12:00:55,2190865,7.57,0x1a07a85e,09min18s,15.67TH/s,15670000000000,154194,1120000000000
191520,2012-07-30 11:26:17,2036671,9.12,0x1a083cc9,09min11s,14.55TH/s,14550000000000,170280,1190000000000
189504,2012-07-17 14:59:26,1866391,6.56,0x1a08fd2e,09min23s,13.36TH/s,13360000000000,114937,830000000000
187488,2012-07-04 11:37:21,1751454,1.44,0x1a099431,09min52s,12.53TH/s,12530000000000,24888,170000000000
185472,2012-06-20 16:16:04,1726566,9.06,0x1a09b78a,09min10s,12.36TH/s,12360000000000,143389,1040000000000
183456,2012-06-07 20:05:25,1583177,-0.50,0x1a0a98d6,10min03s,11.32TH/s,11320000000000,-7897,-70000000000
181440,2012-05-24 18:10:29,1591074,-8.20,0x1a0a8b5f,10min54s,11.39TH/s,11390000000000,-142133,-1020000000000
179424,2012-05-09 12:08:33,1733207,14.89,0x1a09ae02,08min42s,12.41TH/s,12410000000000,224618,1620000000000
177408,2012-04-27 07:39:30,1508589,-4.39,0x1a0b1ef7,10min28s,10.79TH/s,10790000000000,-69324,-500000000000
175392,2012-04-12 16:04:49,1577913,-2.99,0x1a0aa1e3,10min19s,11.29TH/s,11290000000000,-48640,-350000000000
173376,2012-03-29 05:41:47,1626553,8.56,0x1a0a507e,09min13s,11.64TH/s,11640000000000,128259,920000000000
171360,2012-03-16 08:09:54,1498294,0.09,0x1a0b3287,10min00s,10.72TH/s,10720000000000,1316,10000000000
169344,2012-03-02 08:25:36,1496978,8.77,0x1a0b350c,09min12s,10.71TH/s,10710000000000,120676,860000000000
167328,2012-02-18 11:24:15,1376302,-0.24,0x1a0c309c,10min02s,9.85TH/s,9850000000000,-3345,-20000000000
165312,2012-02-04 10:32:41,1379647,5.50,0x1a0c290b,09min29s,9.87TH/s,9870000000000,71919,510000000000
163296,2012-01-22 03:55:04,1307728,4.55,0x1a0cd43f,09min34s,9.36TH/s,9360000000000,56971,410000000000
161280,2012-01-08 18:26:16,1250757,7.83,0x1a0d69d7,09min17s,8.95TH/s,8950000000000,90828,660000000001
159264,2011-12-26 18:43:25,1159929,0.42,0x1a0e76ba,09min58s,8.29TH/s,8289999999999,4891,19999999999
157248,2011-12-12 19:42:35,1155038,5.90,0x1a0e8668,09min27s,8.27TH/s,8270000000000,64323,460000000000
155232,2011-11-29 14:20:20,1090715,-8.54,0x1a0f61b1,10min56s,7.81TH/s,7810000000000,-101782,-719999999999
153216,2011-11-14 06:56:10,1192497,-0.91,0x1a0e119a,10min06s,8.53TH/s,8529999999999,-10964,-80000000000
151200,2011-10-31 03:42:14,1203461,-18.03,0x1a0df0ca,12min12s,8.61TH/s,8609999999999,-264734,-1890000000001
149184,2011-10-14 01:44:35,1468195,-13.09,0x1a0b6d4b,11min31s,10.50TH/s,10500000000000,-221139,-1590000000000
147168,2011-09-27 22:47:04,1689334,-3.76,0x1a09ee5d,10min24s,12.09TH/s,12090000000000,-66091,-480000000000
145152,2011-09-13 09:31:56,1755425,-1.26,0x1a098ea5,10min08s,12.57TH/s,12570000000000,-22349,-150000000000
143136,2011-08-30 05:15:03,1777774,-1.55,0x1a096fe3,10min10s,12.72TH/s,12720000000000,-27926,-200000000000
141120,2011-08-15 23:44:54,1805700,-4.40,0x1a094a86,10min28s,12.92TH/s,12920000000000,-83086,-600000000000
139104,2011-08-01 08:11:19,1888786,11.70,0x1a08e1e5,08min57s,13.52TH/s,13520000000000,197891,1420000000000
137088,2011-07-19 19:23:09,1690895,8.18,0x1a09ec04,09min15s,12.10TH/s,12100000000000,127868,920000000000
135072,2011-07-06 20:35:46,1563027,13.33,0x1a0abbcf,08min50s,11.18TH/s,11180000000000,183835,1320000000000
133056,2011-06-24 11:45:23,1379192,57.27,0x1a0c2a12,06min22s,9.86TH/s,9860000000000,502238,3580000000000
131040,2011-06-15 13:49:34,876954,54.59,0x1a132185,06min28s,6.28TH/s,6280000000000,309685,2220000000001
129024,2011-06-06 12:25:05,567269,30.44,0x1a1d932f,07min40s,4.06TH/s,4059999999999,132392,949999999999
127008,2011-05-26 18:41:56,434877,78.15,0x1a269421,05min37s,3.11TH/s,3110000000000,190765,1360000000000
124992,2011-05-18 22:04:47,244112,55.07,0x1a44b9f2,06min27s,1.75TH/s,1750000000000,86696,620000000000
122976,2011-05-09 21:17:24,157416,43.54,0x1a6a93b3,06min59s,1.13TH/s,1130000000000,47746,345310000000
120960,2011-04-30 02:53:00,109670,18.76,0x1b0098fa,08min25s,784.69GH/s,784690000000,17323,123760000000
118944,2011-04-18 07:49:36,92347,12.15,0x1b00b5ac,08min55s,660.93GH/s,660930000000,10002,71590000000
116928,2011-04-05 20:09:57,82345,19.38,0x1b00cbbd,08min23s,589.34GH/s,589340000000,13368,95700000000
114912,2011-03-25 02:39:45,68977,-9.47,0x1b00f339,11min03s,493.64GH/s,493640000000,-7215,-51100000000
112896,2011-03-09 15:25:55,76192,37.06,0x1b00dc31,07min18s,544.74GH/s,544740000000,20603,147450000000
110880,2011-02-27 09:59:20,55589,52.47,0x1b012dcd,06min34s,397.29GH/s,397290000000,19130,137170000000
108864,2011-02-18 05:15:52,36459,40.24,0x1b01cc26,07min09s,260.12GH/s,260120000000,10462,74110000000
106848,2011-02-08 04:53:20,25997,18.10,0x1b028552,08min28s,186.01GH/s,186010000000,3985,28670000000
104832,2011-01-27 08:16:11,22012,19.39,0x1b02fa29,08min23s,157.34GH/s,157340000000,3575,25400000000
102816,2011-01-15 14:26:07,18437,13.06,0x1b038dee,08min51s,131.94GH/s,131940000000,2130,15270000000
100800,2011-01-03 05:10:11,16307,12.59,0x1b0404cb,08min53s,116.67GH/s,116670000000,1823,13000000000
98784,2010-12-21 18:34:03,14484,18.23,0x1b04864c,08min28s,103.67GH/s,103670000000,2233,16030000000
96768,2010-12-09 22:20:02,12251,51.66,0x1b055953,06min36s,87.64GH/s,87640000000,4173,29880000000
94752,2010-11-30 16:37:55,8078,17.65,0x1b081cd2,08min31s,57.76GH/s,57760000000,1212,8670000000
92736,2010-11-18 18:44:34,6866,51.37,0x1b098b2a,06min37s,49.09GH/s,49090000000,2330,16700000000
90720,2010-11-09 12:29:28,4536,46.75,0x1b0e7256,06min50s,32.39GH/s,32390000000,1445,10280000000
88704,2010-10-30 22:58:47,3091,43.83,0x1b153263,06min57s,22.11GH/s,22110000000,942,6740000000
86688,2010-10-21 05:13:15,2149,55.95,0x1b1e7eca,06min25s,15.37GH/s,15370000000,771,5510000000
84672,2010-10-12 05:35:05,1378,4.55,0x1b2f8e9d,09min34s,9.86GH/s,9860000000,60,430000000
82656,2010-09-28 19:58:28,1318,43.73,0x1b31b2a3,06min58s,9.43GH/s,9430000000,401,2870000000
80640,2010-09-19 02:04:07,917,28.79,0x1b4766ed,07min46s,6.56GH/s,6560000000,205,1460000000
78624,2010-09-08 05:04:49,712,14.29,0x1b5bede6,08min45s,5.10GH/s,5100000000,89,650000000
76608,2010-08-26 23:13:23,623,21.92,0x1b692098,08min13s,4.45GH/s,4450000000,112,790000000
74592,2010-08-15 11:11:11,511,45.17,0x1c00800e,06min53s,3.66GH/s,3660000000,159,1140000000
72576,2010-08-05 19:46:35,352,44.26,0x1c00ba18,06min56s,2.52GH/s,2520000000,108,780000000
70560,2010-07-27 02:42:38,244,34.81,0x1c010c5a,07min27s,1.74GH/s,1740000000,63,390000000
68544,2010-07-16 16:29:39,181,302.22,0x1c0168fd,02min24s,1.35GH/s,1350000000,136,1032260000
66528,2010-07-13 08:03:57,45,95.65,0x1c05a3f4,05min11s,317.74MH/s,317740000,22,153060000
64512,2010-07-06 01:57:44,23,21.05,0x1c0ae493,08min16s,164.68MH/s,164680000,4,28850000
62496,2010-06-24 12:27:26,19,11.76,0x1c0d3142,08min58s,135.83MH/s,135830000,2,16130000
60480,2010-06-11 23:26:26,17,6.25,0x1c0eba64,09min34s,119.70MH/s,119700000,1,9340000
58464,2010-05-29 13:57:28,16,45.45,0x1c0f675c,07min08s,110.36MH/s,110360000,5,31170000
56448,2010-05-19 14:13:55,11,-8.33,0x1c159c24,10min51s,79.19MH/s,79190000,-1,-9030000
54432,2010-05-04 09:46:16,12,9.09,0x1c13ec53,08min56s,88.22MH/s,88220000,1,14770000
52416,2010-04-21 21:52:52,11,57.14,0x1c16546f,06min49s,73.45MH/s,73450000,4,18270000
50400,2010-04-12 08:39:46,7,16.67,0x1c20bca7,07min47s,55.18MH/s,55180000,1,17040000
48384,2010-04-01 11:07:22,6,50.00,0x1c2a1115,07min30s,38.14MH/s,38140000,2,9310000
46368,2010-03-21 22:54:24,4,0.00,0x1c381375,09min56s,28.83MH/s,28830000,0,3110000
44352,2010-03-08 01:14:33,4,33.33,0x1c387f6f,08min21s,25.72MH/s,25720000,1,4320000
42336,2010-02-24 08:41:04,3,50.00,0x1c43b3e5,06min41s,21.40MH/s,21400000,1,11470000
40320,2010-02-14 23:52:59,2,100.00,0x1c654657,07min12s,9.93MH/s,9930000,1,250000
38304,2010-02-04 21:43:14,1,0.00,0x1d008cc3,07min24s,9.68MH/s,9680000,0,2310000
36288,2010-01-25 13:07:59,1,0.00,0x1d00be71,09min43s,7.37MH/s,7370000,0,-530000
34272,2010-01-11 22:48:37,1,0.00,0x1d00c428,09min04s,7.90MH/s,7900000,0,-560000
32256,2009-12-30 06:11:04,1,0.00,0x1d00d86a,08min28s,8.46MH/s,8460000,0,3570000
30240,2009-12-18 09:56:01,1,0.00,0x1d00ffff,14min39s,4.89MH/s,4890000,0,1210000
28224,2009-11-27 21:51:07,1,0.00,0x1d00ffff,19min29s,3.68MH/s,3680000,0,280000
26208,2009-10-31 15:28:20,1,0.00,0x1d00ffff,21min04s,3.40MH/s,3400000,0,-230000
24192,2009-10-02 03:27:08,1,0.00,0x1d00ffff,19min43s,3.63MH/s,3630000,0,1220000
22176,2009-09-04 13:01:38,1,0.00,0x1d00ffff,29min40s,2.41MH/s,2410000,0,-1150000
20160,2009-07-25 00:30:16,1,0.00,0x1d00ffff,20min05s,3.56MH/s,3560000,0,-180000
18144,2009-06-26 21:32:53,1,0.00,0x1d00ffff,19min08s,3.74MH/s,3740000,0,-1540000
16128,2009-05-31 02:31:25,1,0.00,0x1d00ffff,13min33s,5.28MH/s,5280000,0,-500000
14112,2009-05-12 03:20:25,1,0.00,0x1d00ffff,12min24s,5.78MH/s,5780000,0,170000
12096,2009-04-24 18:51:38,1,0.00,0x1d00ffff,12min46s,5.61MH/s,5610000,0,10000
10080,2009-04-06 22:04:23,1,0.00,0x1d00ffff,12min47s,5.60MH/s,5600000,0,-10000
8064,2009-03-20 00:26:26,1,0.00,0x1d00ffff,12min45s,5.61MH/s,5610000,0,-160000
6048,2009-03-02 04:01:53,1,0.00,0x1d00ffff,12min24s,5.77MH/s,5770000,0,-400000
4032,2009-02-12 19:16:30,1,0.00,0x1d00ffff,11min36s,6.17MH/s,6170000,0,1960000
2016,2009-01-27 13:38:51,1,0.00,0x1d00ffff,17min00s,4.21MH/s,4210000,0,0
